title,url,scraped_at
Google quietly launched an AI dictation app that works offline,https://techcrunch.com/2026/04/07/google-quietly-releases-an-offline-first-ai-dictation-app-on-ios/,2026-04-08 12:16:24.811549
I can’t help rooting for tiny open source AI model maker Arcee,https://techcrunch.com/2026/04/07/i-cant-help-rooting-for-tiny-open-source-ai-model-maker-arcee/,2026-04-08 12:16:24.811549
"Firmus, the ‘Southgate’ AI data center builder backed by Nvidia, hits $5.5B valuation",https://techcrunch.com/2026/04/07/firmus-the-southgate-ai-datacenter-builder-backed-by-nvidia-hits-5-5b-valuation/,2026-04-08 12:16:24.811549
Intel signs on to Elon Musk’s Terafab chips project,https://techcrunch.com/2026/04/07/intel-signs-on-to-elon-musks-terafab-chips-project/,2026-04-08 12:16:24.811549
Anthropic debuts preview of powerful new AI model Mythos in new cybersecurity initiative,https://techcrunch.com/2026/04/07/anthropic-mythos-ai-model-preview-security/,2026-04-08 12:16:24.811549
Uber is the latest to be won over by Amazon’s AI chips,https://techcrunch.com/2026/04/07/uber-is-the-latest-to-be-won-over-by-amazons-ai-chips/,2026-04-08 12:16:24.811549
Anthropic ups compute deal with Google and Broadcom amid skyrocketing demand,https://techcrunch.com/2026/04/07/anthropic-compute-deal-google-broadcom-tpus/,2026-04-08 12:16:24.811549
Google Maps can now write captions for your photos using AI,https://techcrunch.com/2026/04/07/google-maps-can-now-write-captions-for-your-photos-using-ai/,2026-04-08 12:16:24.811549
4 days left to save close to $500 on TechCrunch Disrupt 2026 passes,https://techcrunch.com/2026/04/07/4-days-left-to-save-close-to-500-on-techcrunch-disrupt-2026-passes/,2026-04-08 12:16:24.811549
"The AI gold rush is pulling private wealth into riskier, earlier bets",https://techcrunch.com/2026/04/07/the-ai-gold-rush-is-pulling-private-wealth-into-riskier-earlier-bets/,2026-04-08 12:16:24.811549
AI startup Rocket offers vibe McKinsey-style reports at a fraction of the cost,https://techcrunch.com/2026/04/06/indian-startup-rocket-wants-its-ai-to-do-mckinsey-style-consulting-at-a-fraction-of-the-cost/,2026-04-08 12:16:24.811549
"OpenAI alums have been quietly investing from a new, potentially $100M fund",https://techcrunch.com/2026/04/06/openai-alums-have-been-quietly-investing-from-a-new-potentially-100m-fund/,2026-04-08 12:16:24.811549
Iran threatens ‘Stargate’ AI data centers,https://techcrunch.com/2026/04/06/iran-threatens-stargate-ai-data-centers/,2026-04-08 12:16:24.811549
"OpenAI’s vision for the AI economy: public wealth funds, robot taxes, and a four-day workweek",https://techcrunch.com/2026/04/06/openais-vision-for-the-ai-economy-public-wealth-funds-robot-taxes-and-a-four-day-work-week/,2026-04-08 12:16:24.811549
"Startup Battlefield 200 applications open: a chance for VC access, TechCrunch coverage, and $100K",https://techcrunch.com/2026/04/06/startup-battlefield-200-applications-open-get-vc-access-techcrunch-coverage-and-100k/,2026-04-08 12:16:24.811549
"How to use the new ChatGPT app integrations, including DoorDash, Spotify, Uber, and others",https://techcrunch.com/2026/04/06/how-to-use-chatgpt-apps-doordash-spotify-uber/,2026-04-08 12:16:24.811549
Ticket savings of up to $500 this week for TechCrunch Disrupt 2026,https://techcrunch.com/2026/04/06/massive-ticket-savings-of-up-to-500-this-week-for-techcrunch-disrupt-2026/,2026-04-08 12:16:24.811549
Spain’s Xoople raises $130 million Series B to map the Earth for AI,https://techcrunch.com/2026/04/06/spains-xoople-raises-130-million-series-b-to-map-the-earth-for-ai/,2026-04-08 12:16:24.811549
"Copilot is ‘for entertainment purposes only,’ according to Microsoft’s terms of use",https://techcrunch.com/2026/04/05/copilot-is-for-entertainment-purposes-only-according-to-microsofts-terms-of-service/,2026-04-08 12:16:24.811549
Can orbital data centers help justify a massive valuation for SpaceX?,https://techcrunch.com/2026/04/05/can-orbital-data-centers-help-justify-a-massive-valuation-for-spacex/,2026-04-08 12:16:24.811549
"In Japan, the robot isn’t coming for your job; it’s filling the one nobody wants",https://techcrunch.com/2026/04/05/japan-is-proving-experimental-physical-ai-is-ready-for-the-real-world/,2026-04-08 12:16:24.811549
Anthropic says Claude Code subscribers will need to pay extra for OpenClaw usage,https://techcrunch.com/2026/04/04/anthropic-says-claude-code-subscribers-will-need-to-pay-extra-for-openclaw-support/,2026-04-08 12:16:24.811549
Anthropic is having a moment in the private markets; SpaceX could spoil the party,https://techcrunch.com/2026/04/03/anthropic-is-having-a-moment-in-the-private-markets-spacex-could-spoil-the-party/,2026-04-08 12:16:24.811549
OpenAI executive shuffle includes new role for COO Brad Lightcap to lead ‘special projects’,https://techcrunch.com/2026/04/03/openai-executive-shuffle-new-roles-coo-brad-lightcap-fidji-simo-kate-rouch/,2026-04-08 12:16:24.811549
Anthropic buys biotech startup Coefficient Bio in $400M deal: Reports,https://techcrunch.com/2026/04/03/anthropic-buys-biotech-startup-coefficient-bio-in-400m-deal-reports/,2026-04-08 12:16:24.811549
Anthropic ramps up its political activities with a new PAC,https://techcrunch.com/2026/04/03/anthropic-ramps-up-its-political-activities-with-a-new-pac/,2026-04-08 12:16:24.811549
AI companies are building huge natural gas plants to power data centers. What could go wrong?,https://techcrunch.com/2026/04/03/ai-companies-are-building-huge-natural-gas-plants-to-power-data-centers-what-could-go-wrong/,2026-04-08 12:16:24.811549
People would rather have an Amazon warehouse in their backyard than a data center,https://techcrunch.com/2026/04/03/people-would-rather-have-an-amazon-warehouse-in-their-backyard-than-a-data-center/,2026-04-08 12:16:24.811549
Google quietly launched an AI dictation app that works offline,https://techcrunch.com/2026/04/07/google-quietly-releases-an-offline-first-ai-dictation-app-on-ios/,2026-04-08 12:16:24.811549
North Korea’s hijack of one of the web’s most used open source projects was likely weeks in the making,https://techcrunch.com/2026/04/06/north-koreas-hijack-of-one-of-the-webs-most-used-open-source-projects-was-likely-weeks-in-the-making/,2026-04-08 12:16:24.811549
"In Japan, the robot isn’t coming for your job; it’s filling the one nobody wants",https://techcrunch.com/2026/04/05/japan-is-proving-experimental-physical-ai-is-ready-for-the-real-world/,2026-04-08 12:16:24.811549
Embattled startup Delve has ‘parted ways’ with Y Combinator,https://techcrunch.com/2026/04/04/embattled-startup-delve-has-parted-ways-with-y-combinator/,2026-04-08 12:16:24.811549
Anthropic says Claude Code subscribers will need to pay extra for OpenClaw usage,https://techcrunch.com/2026/04/04/anthropic-says-claude-code-subscribers-will-need-to-pay-extra-for-openclaw-support/,2026-04-08 12:16:24.811549
Anthropic took down thousands of GitHub repos trying to yank its leaked source code — a move the company says was an accident,https://techcrunch.com/2026/04/01/anthropic-took-down-thousands-of-github-repos-trying-to-yank-its-leaked-source-code-a-move-the-company-says-was-an-accident/,2026-04-08 12:16:24.811549
The reputation of troubled YC startup Delve has gotten even worse,https://techcrunch.com/2026/04/01/the-reputation-of-troubled-yc-startup-delve-has-gotten-even-worse/,2026-04-08 12:16:24.811549
OpenAI,https://techcrunch.com/2026/04/06/openais-vision-for-the-ai-economy-public-wealth-funds-robot-taxes-and-a-four-day-work-week/,2026-04-08 12:16:24.811549
Iran,https://techcrunch.com/2026/04/06/iran-threatens-stargate-ai-data-centers/,2026-04-08 12:16:24.811549
Gas Prices,https://techcrunch.com/2026/04/06/gas-prices-arent-the-only-factor-fueling-used-ev-sales/,2026-04-08 12:16:24.811549
Tesla,https://techcrunch.com/2026/04/06/tesla-actually-smart-summon-nhtsa-investigation-smart-parking/,2026-04-08 12:16:24.811549
Apple,https://techcrunch.com/2026/04/06/apple-epic-games-lawsuit-supreme-court-appeal-app-store-commission/,2026-04-08 12:16:24.811549
Tech Layoffs,https://techcrunch.com/2025/02/28/tech-layoffs-2024-list/,2026-04-08 12:16:24.811549
ChatGPT,https://techcrunch.com/2025/01/28/chatgpt-everything-to-know-about-the-ai-chatbot/,2026-04-08 12:16:24.811549
Project Glasswing: Securing critical software for the AI era,https://www.anthropic.com/glasswing,2026-04-08 12:16:42.563749
Lunar Flyby,https://www.nasa.gov/gallery/lunar-flyby/,2026-04-08 12:16:42.563749
Protect your shed,https://dylanbutler.dev/blog/protect-your-shed/,2026-04-08 12:16:42.563749
Slightly safer vibecoding by adopting old hacker habits,http://addxorrol.blogspot.com/2026/03/slightly-safer-vibecoding-by-adopting.html,2026-04-08 12:16:42.563749
Native Americans had dice 12k years ago,https://www.nbcnews.com/science/science-news/native-americans-dice-games-probability-study-rcna266426,2026-04-08 12:16:42.563749
System Card: Claude Mythos Preview [pdf],https://www-cdn.anthropic.com/53566bf5440a10affd749724787c8913a2ae0841.pdf,2026-04-08 12:16:42.563749
GLM-5.1: Towards Long-Horizon Tasks,https://z.ai/blog/glm-5.1,2026-04-08 12:16:42.563749
How to get better at guitar,https://www.jakeworth.com/posts/how-to-get-better-at-guitar/,2026-04-08 12:16:42.563749
Binary obfuscation used in AAA Games,https://blog.farzon.org/2026/04/binary-obfuscation-that-doesnt-kill-lto.html,2026-04-08 12:16:42.563749
S3 Files,https://www.allthingsdistributed.com/2026/04/s3-files-and-the-changing-face-of-s3.html,2026-04-08 12:16:42.563749
Cambodia unveils statue to honour famous landmine-sniffing rat,https://www.bbc.com/news/articles/c0rx7xzd10xo,2026-04-08 12:16:42.563749
Show HN: An interactive map of Tolkien's Middle-earth,https://middle-earth-interactive-map.web.app/,2026-04-08 12:16:42.563749
A truck driver spent 20 years making a scale model of every building in NYC,https://www.smithsonianmag.com/smart-news/a-truck-drive-spent-20-years-making-this-astonishing-scale-model-of-every-single-building-in-new-york-city-180988443/,2026-04-08 12:16:42.563749
Razor1911 [video],https://www.youtube.com/watch?v=Lw4W9V57SKs&t=5716s,2026-04-08 12:16:42.563749
A database of analog cameras that can be 3D printed,https://printed.analogcamera.space/,2026-04-08 12:16:42.563749
Show HN: Brutalist Concrete Laptop Stand (2024),https://sam-burns.com/posts/concrete-laptop-stand/,2026-04-08 12:16:42.563749
The Clock,https://blog.senko.net/the-clock,2026-04-08 12:16:42.563749
US and Iran agree to provisional ceasefire,https://www.theguardian.com/us-news/2026/apr/07/trump-iran-war-ceasefire,2026-04-08 12:16:42.563749
Xilem – An experimental Rust native UI framework,https://github.com/linebender/xilem,2026-04-08 12:16:42.563749
Cloudflare targets 2029 for full post-quantum security,https://blog.cloudflare.com/post-quantum-roadmap/,2026-04-08 12:16:42.563749
Show HN: Gemma 4 Multimodal Fine-Tuner for Apple Silicon,https://github.com/mattmireles/gemma-tuner-multimodal,2026-04-08 12:16:42.563749
JSIR: A High-Level IR for JavaScript,https://discourse.llvm.org/t/rfc-jsir-a-high-level-ir-for-javascript/90456,2026-04-08 12:16:42.563749
A whole boss fight in 256 bytes,https://hellmood.111mb.de//A_whole_boss_fight_in_256_bytes.html,2026-04-08 12:16:42.563749
Rescuing old printers with an in-browser Linux VM bridged to WebUSB over USB/IP,https://printervention.app/details,2026-04-08 12:16:42.563749
The Image Boards of Hayao Miyazaki,https://animationobsessive.substack.com/p/the-image-boards-of-hayao-miyazaki,2026-04-08 12:16:42.563749
LLM scraper bots are overloading acme.com's HTTPS server,http://acme.com/updates/archive/229.html,2026-04-08 12:16:42.563749
ACE on a USB-HDMI Adapter,https://blazelight.dev/blog/ms2160.mdx,2026-04-08 12:16:42.563749
Running out of disk space in production,https://alt-romes.github.io/posts/2026-04-01-running-out-of-disk-space-on-launch.html,2026-04-08 12:16:42.563749
Google open-sources experimental agent orchestration testbed Scion,https://www.infoq.com/news/2026/04/google-agent-testbed-scion/,2026-04-08 12:16:42.563749
A blind man made it possible for others with low vision to build Lego sets,https://apnews.com/article/lego-bricks-for-blind-audio-braille-instructions-5a2a27de4354a0b1443171c3f24f29e4,2026-04-08 12:16:42.563749
Bitcoin and quantum computing,https://nehanarula.org/2026/04/03/bitcoin-and-quantum-computing.html,2026-04-08 12:16:42.563749
Has electricity decoupled from natural gas prices in Germany?,https://has-electricity-decoupled-yet.strommarktberatung.de,2026-04-08 12:16:42.563749
Sam Altman may control our future – can he be trusted?,https://www.newyorker.com/magazine/2026/04/13/sam-altman-may-control-our-future-can-he-be-trusted,2026-04-08 12:16:42.563749
Who Is Satoshi Nakamoto? My Quest to Unmask Bitcoin's Creator,https://www.nytimes.com/2026/04/08/business/bitcoin-satoshi-nakamoto-identity-adam-back.html,2026-04-08 12:16:42.563749
AI helps add 10k more photos to OldNYC,https://www.danvk.org/2026/03/08/oldnyc-updates.html,2026-04-08 12:16:42.563749
John Coltrane illustrates the mathematics of jazz,https://www.americanjazzmusicsociety.com/blog/john-coltrane-draws,2026-04-08 12:16:42.563749
Every GPU That Mattered,https://sheets.works/data-viz/every-gpu,2026-04-08 12:16:42.563749
9 Mothers (YC P26) Is Hiring – Lead Robotics and More,https://jobs.ashbyhq.com/9-mothers?utm_source=x8pZ4B3P3Q,2026-04-08 12:16:42.563749
IPv6 is the only way forward,https://ankshilp.in/posts/for-the-love-of-internet/,2026-04-08 12:16:42.563749
You can't cancel a JavaScript promise (except sometimes you can),https://www.inngest.com/blog/hanging-promises-for-control-flow,2026-04-08 12:16:42.563749
Move Detroit,https://www.movedetroit.com/program,2026-04-08 12:16:42.563749
Taste in the age of AI and LLMs,https://rajnandan.com/posts/taste-in-the-age-of-ai-and-llms/,2026-04-08 12:16:42.563749
Assessing Claude Mythos Preview's cybersecurity capabilities,https://red.anthropic.com/2026/mythos-preview/,2026-04-08 12:16:42.563749
Moving fast in hardware: lessons from lab to $100M ARR,https://blog.zacka.io/p/simplify-then-add-lightness-bc4,2026-04-08 12:16:42.563749
SQLite in Production: Lessons from Running a Store on a Single File,https://ultrathink.art/blog/sqlite-in-production-lessons,2026-04-08 12:16:42.563749
Show HN: Unicode Steganography,https://steganography.patrickvuscan.com,2026-04-08 12:16:42.563749
How the Vision Pro Rollout Inflamed Tensions at Apple,https://www.wired.com/story/book-excerpt-mutiny-noam-scheiber-apple-vision-pro/,2026-04-08 12:16:42.563749
OpenAI says its new model GPT-2 is too dangerous to release (2019),https://slate.com/technology/2019/02/openai-gpt2-text-generating-algorithm-ai-dangerous.html,2026-04-08 12:16:42.563749
Dropping Cloudflare for Bunny.net,https://jola.dev/posts/dropping-cloudflare,2026-04-08 12:16:42.563749
Identify a London Underground Line just by listening to it,https://tubesoundquiz.com/,2026-04-08 12:16:42.563749
Boneyard: Generate pixel-perfect skeleton screens from your real DOM,https://github.com/0xGF/boneyard,2026-04-08 12:16:42.563749
12k Tons of Dumped Orange Peel Grew into a Landscape Nobody Expected (2017),https://www.sciencealert.com/how-12-000-tonnes-of-dumped-orange-peel-produced-something-nobody-imagined,2026-04-08 12:16:42.563749
"Cells for NetBSD: kernel-enforced, jail-like isolation",https://netbsd-cells.petermann-digital.de/,2026-04-08 12:16:42.563749
A new Postcrossing stamp from the USA,https://www.postcrossing.com/blog/2026/03/31/a-new-postcrossing-stamp-from-the-usa,2026-04-08 12:16:42.563749
Launch HN: Freestyle – Sandboxes for Coding Agents,https://www.freestyle.sh/,2026-04-08 12:16:42.563749
AI Assistance Reduces Persistence and Hurts Independent Performance,https://arxiv.org/abs/2604.04721,2026-04-08 12:16:42.563749
Tailslayer: Library for reducing tail latency in RAM reads,https://github.com/LaurieWired/tailslayer,2026-04-08 12:16:42.563749
Emotion Concepts and Their Function in a Large Language Model,https://transformer-circuits.pub/2026/emotions/index.html,2026-04-08 12:16:42.563749
ICE acknowledges it is using powerful spyware,https://text.npr.org/nx-s1-5776799,2026-04-08 12:16:42.563749
When the compiler lies: breaking memory safety in safe Go,https://ciolek.dev/posts/when-the-compiler-lies,2026-04-08 12:16:42.563749
USD Purchasing Power in Real Time Since 2000,https://onedollar.today/,2026-04-08 12:16:42.563749
Blackholing My Email,https://www.johnsto.co.uk/blog/blackholing-my-email/,2026-04-08 12:16:42.563749
We found an undocumented bug in the Apollo 11 guidance computer code,https://www.juxt.pro/blog/a-bug-on-the-dark-side-of-the-moon/,2026-04-08 12:16:42.563749
Show HN: A cartographer's attempt to realistically map Tolkien's world,https://www.intofarlands.com/atlasofarda,2026-04-08 12:16:42.563749
Breaking the console: a brief history of video game security,https://sergioprado.blog/breaking-the-console-a-brief-history-of-video-game-security/,2026-04-08 12:16:42.563749
Under the hood of MDN's new front end,https://developer.mozilla.org/en-US/blog/mdn-front-end-deep-dive/,2026-04-08 12:16:42.563749
Peptides: where to begin?,https://www.science.org/content/blog-post/ah-peptides-where-begin,2026-04-08 12:16:42.563749
Second Revision of 6502 Laptop,https://codeberg.org/TechPaula/LT6502b,2026-04-08 12:16:42.563749
Solod – A subset of Go that translates to C,https://github.com/solod-dev/solod,2026-04-08 12:16:42.563749
DeiMOS – A Superoptimizer for the MOS 6502,https://aransentin.github.io/deimos/,2026-04-08 12:16:42.563749
RSoC 2026: A new CPU scheduler for Redox OS,https://www.redox-os.org/news/rsoc-dwrr/,2026-04-08 12:16:42.563749
Are We Legacy Computing Yet?,https://arewelegacycomputingyet.com/,2026-04-08 12:16:42.563749
"Three hundred synths, 3 hardware projects, and one app",https://midi.guide/blog/three-hunded-synths-one-app/,2026-04-08 12:16:42.563749
The BSDs in the AI Age,https://lists.nycbug.org/pipermail/talk/2026-April/018894.html,2026-04-08 12:16:42.563749
Show HN: Pion/handoff – Move WebRTC out of browser and into Go,https://github.com/pion/handoff,2026-04-08 12:16:42.563749
Show HN: Finalrun – Spec-driven testing using English and vision for mobile apps,https://github.com/final-run/finalrun-agent,2026-04-08 12:16:42.563749
Ex-Meta worker investigated for downloading 30k private Facebook photos,https://www.bbc.com/news/articles/cvg049xz1ygo,2026-04-08 12:16:42.563749
"Show HN: Stop paying for Dropbox/Google Drive, use your own S3 bucket instead",https://locker.dev,2026-04-08 12:16:42.563749
Design for the Roller Coaster,https://pointc.co/design-for-the-roller-coaster/,2026-04-08 12:16:42.563749
Neglect of the modern Invoice,https://www.withsahel.com/blog/own-your-invoicing-value-communication,2026-04-08 12:16:42.563749
Claude Is Dead,https://www.javiertordable.com/claude-is-dead/,2026-04-08 12:16:42.563749
Global Physics Photowalk: 2025 winners revealed,https://www.quantamagazine.org/global-physics-photowalk-2025-winners-revealed-20260401/,2026-04-08 12:16:42.563749
AI may be making us think and write more alike,https://dornsife.usc.edu/news/stories/ai-may-be-making-us-think-and-write-more-alike/,2026-04-08 12:16:42.563749
Show HN: Can an AI model fit on a single pixel?,https://github.com/dvelton/ai-pixel,2026-04-08 12:16:42.563749
"GLM-5.1 matches Opus 4.6 in agentic performance, at ~1/3 actual cost",https://app.uniclaw.ai/arena/visualize?via=hn,2026-04-08 12:16:42.563749
Original Apollo 11 TV broadcast,https://www.youtube.com/watch?v=S9HdPi9Ikhk,2026-04-08 12:16:42.563749
Floating point from scratch: Hard Mode,https://essenceia.github.io/projects/floating_dragon/,2026-04-08 12:16:42.563749
Apollo Guidance Computer restoration videos,https://www.curiousmarc.com/space/apollo-guidance-computer,2026-04-08 12:16:42.563749
We need re-learn what AI agent development tools are in 2026,https://blog.n8n.io/we-need-re-learn-what-ai-agent-development-tools-are-in-2026/,2026-04-08 12:16:42.563749
Hemingway's 4 Fast Rules for Effective Writing,https://www.wordsthatsing.com.au//post/hemingway-rules,2026-04-08 12:16:42.563749
Show HN: Ghost Pepper – Local hold-to-talk speech-to-text for macOS,https://github.com/matthartman/ghost-pepper,2026-04-08 12:16:42.563749
Issue: Claude Code is unusable for complex engineering tasks with Feb updates,https://github.com/anthropics/claude-code/issues/42796,2026-04-08 12:16:42.563749
Show HN: Anos – a hand-written ~100KiB microkernel for x86-64 and RISC-V,https://github.com/roscopeco/anos,2026-04-08 12:16:42.563749
Show HN: Mo – checks GitHub PRs against decisions approved in Slack,https://motionode.com/index,2026-04-08 12:16:42.563749
"The team behind a pro-Iran, Lego-themed viral-video campaign",https://www.newyorker.com/culture/infinite-scroll/the-team-behind-a-pro-iran-lego-themed-viral-video-campaign,2026-04-08 12:16:42.563749
A cryptography engineer's perspective on quantum computing timelines,https://words.filippo.io/crqc-timeline/,2026-04-08 12:16:42.563749
Anthropic expands partnership with Google and Broadcom for next-gen compute,https://www.anthropic.com/news/google-broadcom-partnership-compute,2026-04-08 12:16:42.563749
The Blueprint of a North Korean Attack on Open-Source,https://casco.com/blog/the-blueprint-of-a-north-korean-attack-on-open-source,2026-04-08 12:16:42.563749
BYD's luxury EV with 5-min fast charging and 500 miles range is headed overseas,https://electrek.co/2026/04/07/byd-ev-5-min-charging-500-miles-range-overseas/,2026-04-08 12:16:42.563749
"Author's preface to the book: ""PGP Source Code and Internals"" (1995)",https://philzimmermann.com/EN/essays/BookPreface.html,2026-04-08 12:16:42.563749
An AI robot in my home,https://allevato.me/2026/04/07/an-ai-robot-in-my-home,2026-04-08 12:16:42.563749
Bill Phillips used flowing water to model the economy,https://www.npr.org/sections/planet-money/2026/04/07/g-s1-116575/how-bill-phillips-used-flowing-water-to-model-the-economy,2026-04-08 12:16:42.563749
Midlife Sleep Irregularity Linked to Higher Risk of Major Cardiac Events,https://doi.org/10.1186/s12872-026-05762-4,2026-04-08 12:16:42.563749
"Show HN: Hippo, biologically inspired memory for AI agents",https://github.com/kitfunso/hippo-memory,2026-04-08 12:16:42.563749
Show HN: Tusk for macOS and Gnome,https://shapemachine.xyz/tusk/,2026-04-08 12:16:42.563749
"Battle for Wesnoth: open-source, turn-based strategy game",https://www.wesnoth.org,2026-04-08 12:16:42.563749
Ralph for Beginners,https://blog.engora.com/2026/04/ralph-for-beginners.html,2026-04-08 12:16:42.563749
German police name alleged leaders of GandCrab and REvil ransomware groups,https://krebsonsecurity.com/2026/04/germany-doxes-unkn-head-of-ru-ransomware-gangs-revil-gandcrab/,2026-04-08 12:16:42.563749
Hallucinated citations are polluting the scientific literature,https://www.nature.com/articles/d41586-026-00969-z,2026-04-08 12:16:42.563749
Microsoft hasn't had a coherent GUI strategy since Petzold,https://www.jsnover.com/blog/2026/03/13/microsoft-hasnt-had-a-coherent-gui-strategy-since-petzold/,2026-04-08 12:16:42.563749
New York Times Got Played by a Telehealth Scam and Called It the Future of AI,https://www.techdirt.com/2026/04/07/the-new-york-times-got-played-by-a-telehealth-scam-and-called-it-the-future-of-ai/,2026-04-08 12:16:42.563749
Show HN: I built a tiny LLM to demystify how language models work,https://github.com/arman-bd/guppylm,2026-04-08 12:16:42.563749
VOID: Video Object and Interaction Deletion,https://github.com/Netflix/void-model,2026-04-08 12:16:42.563749
The cult of vibe coding is dogfooding run amok,https://bramcohen.com/p/the-cult-of-vibe-coding-is-insane,2026-04-08 12:16:42.563749
What being ripped off taught me,https://belief.horse/notes/what-being-ripped-off-taught-me/,2026-04-08 12:16:42.563749
Sheets: Terminal based spreadsheet tool,https://github.com/maaslalani/sheets,2026-04-08 12:16:42.563749
AI singer now occupies eleven spots on iTunes singles chart,https://www.showbiz411.com/2026/04/05/itunes-takeover-by-fake-ai-singer-eddie-dalton-now-occupies-eleven-spots-on-chart-despite-not-being-human-or-real-exclusive,2026-04-08 12:16:42.563749
"'This Is Just Not How the Human Race Should Operate,' Says US Senator",https://www.commondreams.org/news/chris-murphy-trump-threat,2026-04-08 12:16:42.563749
A fire sale has U.S. office buildings going for 90% off,https://www.wsj.com/real-estate/commercial/a-fire-sale-has-u-s-office-buildings-going-for-90-off-8fa8b5d8,2026-04-08 12:16:42.563749
Wikipedia's AI agent row likely just the beginning of the bot-ocalypse,https://www.malwarebytes.com/blog/ai/2026/04/wikipedias-ai-agent-row-likely-just-the-beginning-of-the-bot-ocalypse,2026-04-08 12:16:42.563749
Show HN: GovAuctions lets you browse government auctions at once,https://www.govauctions.app/,2026-04-08 12:16:42.563749
Show HN: TTF-DOOM – A raycaster running inside TrueType font hinting,https://github.com/4RH1T3CT0R7/ttf-doom,2026-04-08 12:16:42.563749
Agent Reading Test,https://agentreadingtest.com,2026-04-08 12:16:42.563749
France pulls last gold held in US,https://www.mining.com/france-pulls-last-gold-held-in-us-for-15b-gain/,2026-04-08 12:16:42.563749
"Signals, the push-pull based algorithm",https://willybrauner.com/journal/signal-the-push-pull-based-algorithm,2026-04-08 12:16:42.563749
Gemma 4 on iPhone,https://apps.apple.com/nl/app/google-ai-edge-gallery/id6749645337,2026-04-08 12:16:42.563749
"Show HN: Real-time AI (audio/video in, voice out) on an M3 Pro with Gemma E2B",https://github.com/fikrikarim/parlor,2026-04-08 12:16:42.563749
Caveman: Why use many token when few token do trick,https://github.com/JuliusBrussee/caveman,2026-04-08 12:16:42.563749
The 1987 game “The Last Ninja” was 40 kilobytes,https://twitter.com/exQUIZitely/status/2040777977521398151,2026-04-08 12:16:42.563749
Book review: There Is No Antimemetics Division,https://www.stephendiehl.com/posts/no_antimimetics/,2026-04-08 12:16:42.563749
The Last Quiet Thing,https://www.terrygodier.com/the-last-quiet-thing,2026-04-08 12:16:42.563749
"Drop, formerly Massdrop, ends most collaborations and rebrands under Corsair",https://drop.com/,2026-04-08 12:16:42.563749
"Show HN: Gemma Gem – AI model embedded in a browser – no API keys, no cloud",https://github.com/kessler/gemma-gem,2026-04-08 12:16:42.563749
Iranian-Affiliated Cyber Actors Exploit PLCs Across US Critical Infrastructure,https://www.cisa.gov/news-events/cybersecurity-advisories/aa26-097a,2026-04-08 12:16:42.563749
Intelligent people are better judges of the intelligence of others,https://www.psypost.org/intelligent-people-are-better-judges-of-the-intelligence-of-others/,2026-04-08 12:16:42.563749
Longer wavelengths in sunlight pass through the human body and have a systemic,https://www.nature.com/articles/s41598-025-09785-3,2026-04-08 12:16:42.563749
Dear Heroku: Uhh What's Going On?,https://judoscale.com/blog/heroku-whats-going-on,2026-04-08 12:16:42.563749
SOM: A minimal Smalltalk for teaching of and research on Virtual Machines,http://som-st.github.io/,2026-04-08 12:16:42.563749
"Eight years of wanting, three months of building with AI",https://lalitm.com/post/building-syntaqlite-ai/,2026-04-08 12:16:42.563749
Eighteen Years of Greytrapping – Is the Weirdness Finally Paying Off?,https://nxdomain.no/~peter/eighteen_years_of_greytrapping.html,2026-04-08 12:16:42.563749
"""The new Copilot app for Windows 11 is really just Microsoft Edge""",https://twitter.com/TheBobPony/status/2041112541909205001,2026-04-08 12:16:42.563749
Why Switzerland has 25 Gbit internet and America doesn't,https://sschueller.github.io/posts/the-free-market-lie/,2026-04-08 12:16:42.563749
AWS S3 Files,https://aws.amazon.com/about-aws/whats-new/2026/04/amazon-s3-files/,2026-04-08 12:16:42.563749
"Sports bets on prediction markets ruled to be ""swaps,"" exempt from state laws",https://arstechnica.com/tech-policy/2026/04/sports-bets-on-prediction-markets-ruled-to-be-swaps-exempt-from-state-laws/,2026-04-08 12:16:42.563749
Section 4 of the 25th Amendment to the US Constitution,https://en.wikipedia.org/wiki/Twenty-fifth_Amendment_to_the_United_States_Constitution,2026-04-08 12:16:42.563749
Adobe modifies hosts file to detect whether Creative Cloud is installed,https://www.osnews.com/story/144737/adobe-secretly-modifies-your-hosts-file-for-the-stupidest-reason/,2026-04-08 12:16:42.563749
Build web apps for smart glasses,https://hub.evenrealities.com/docs/getting-started/overview,2026-04-08 12:16:42.563749
Show HN: A (marginally) useful x86-64 ELF executable in 298 bytes,https://github.com/meribold/btry,2026-04-08 12:16:42.563749
After 20 years I turned off Google Adsense for my websites (2025),https://blog.ericgoldman.org/archives/2025/06/after-20-years-i-turned-off-google-adsense-for-my-websites.htm,2026-04-08 12:16:42.563749
Switzerland builds most powerful redox-flow battery,https://www.swissinfo.ch/eng/climate-solutions/switzerland-builds-worlds-most-powerful-redox-flow-battery/91181119,2026-04-08 12:16:42.563749
Linux extreme performance H1 load generator,https://www.gcannon.org/,2026-04-08 12:16:42.563749
Claude Code login fails with OAuth timeout on Windows,https://github.com/anthropics/claude-code/issues/44257,2026-04-08 12:16:42.563749
Fifth Element Star Milla Jovovich Reveals AI Memory Tool MemPalace,https://decrypt.co/363524/fifth-element-milla-jovovich-ai-tool-mempalace,2026-04-08 12:16:42.563749
Larger and more instructable language models become less reliable,https://pmc.ncbi.nlm.nih.gov/articles/PMC11446866/,2026-04-08 12:16:42.563749
Anthropic's Project Glasswing sounds necessary to me,https://simonwillison.net/2026/Apr/7/project-glasswing/,2026-04-08 12:16:42.563749
More likely than not you're using bubble wrap wrong,https://bookofjoe2.blogspot.com/2026/03/imore-likely-than-not-youre-using.html,2026-04-08 12:16:42.563749
Show HN: AdaShape-3D modeler for intuitive 3D printing parts / Windows 11,https://adashape.com,2026-04-08 12:16:42.563749
Show HN: A game where you build a GPU,https://jaso1024.com/mvidia/,2026-04-08 12:16:42.563749
Sky – an Elm-inspired language that compiles to Go,https://github.com/anzellai/sky,2026-04-08 12:16:42.563749
Show HN: A social feed with no algo where communities decide what gets seen,https://veridonia.com,2026-04-08 12:16:42.563749
Computational Physics (2nd Edition) (2025),https://websites.umich.edu/~mejn/cp2/,2026-04-08 12:16:42.563749
Nanocode: The best Claude Code that $200 can buy in pure JAX on TPUs,https://github.com/salmanmohammadi/nanocode/discussions/1,2026-04-08 12:16:42.563749
Apple Is Reportedly Facing a 'Massive Dilemma' with the MacBook Neo,https://www.macrumors.com/2026/04/07/macbook-neo-massive-dilemma/,2026-04-08 12:16:42.563749
Show HN: I made a YouTube search form with advanced filters,https://playlists.at/youtube/search/,2026-04-08 12:16:42.563749
Naftiko Open-Source Spec-Driven Integration,https://github.com/naftiko/framework/,2026-04-08 12:16:42.563749
Artemis II crew see first glimpse of far side of Moon [video],https://www.bbc.com/news/videos/ce3d5gkd2geo,2026-04-08 12:16:42.563749
My university uses prompt injection to catch cheaters,https://varun.ch/til/prompt-injection-catch-cheaters/,2026-04-08 12:16:42.563749
Friendica – A Decentralized Social Network,https://friendi.ca/,2026-04-08 12:16:42.563749
A DNA Archive Built to Identify Missing Migrants Has Vanished,https://undark.org/2026/04/07/missing-migrants-dna-database/,2026-04-08 12:16:42.563749
LÖVE: 2D Game Framework for Lua,https://github.com/love2d/love,2026-04-08 12:16:42.563749
Show HN: The King James Bible deserved a better website,https://officialkingjamesbible.com/,2026-04-08 12:16:42.563749
An open-source 240-antenna array to bounce signals off the Moon,https://moonrf.com/,2026-04-08 12:16:42.563749
Employers use your personal data to figure out the lowest salary you'll accept,https://www.marketwatch.com/story/employers-are-using-your-personal-data-to-figure-out-the-lowest-salary-youll-accept-c2b968fb,2026-04-08 12:16:42.563749
Ask HN: How do you handle marketing as a solo technical founder?,,2026-04-08 12:16:42.563749
Iran threatens OpenAI's Stargate data center in Abu Dhabi,https://www.theverge.com/ai-artificial-intelligence/907427/iran-openai-stargate-datacenter-uae-abu-dhabi-threat,2026-04-08 12:16:42.563749
Show HN: Weird Clocks,https://clocks.specr.net,2026-04-08 12:16:42.563749
Running Gemma 4 locally with LM Studio's new headless CLI and Claude Code,https://ai.georgeliu.com/p/running-google-gemma-4-locally-with,2026-04-08 12:16:42.563749
"Show HN: Modo – I built an open-source alternative to Kiro, Cursor, and Windsurf",https://github.com/mohshomis/modo,2026-04-08 12:16:42.563749
Hybrid Attention,,2026-04-08 12:16:42.563749
Apple approves driver that lets Nvidia eGPUs work with Arm Macs,https://twitter.com/__tinygrad__/status/2039213719155310736,2026-04-08 12:16:42.563749
"MemPalace, the highest-scoring AI memory system ever benchmarked",https://github.com/milla-jovovich/mempalace,2026-04-08 12:16:42.563749
I won't download your app. The web version is a-ok,https://www.0xsid.com/blog/wont-download-your-app,2026-04-08 12:16:42.563749
"Iranian hackers launching disruptive attacks at U.S. energy, water targets [pdf]",https://www.cisa.gov/sites/default/files/2026-04/AA26-097A-Iranian-Affiliated-Cyber-Actors-Exploit-Programmable-Logic-Controllers-Across-US-Critical-Infrastructure_508c.pdf,2026-04-08 12:16:42.563749
Case study: recovery of a corrupted 12 TB multi-device pool,https://github.com/kdave/btrfs-progs/issues/1107,2026-04-08 12:16:42.563749
Peeking at the Earth,https://images.nasa.gov/details/art002e009286,2026-04-08 12:16:42.563749
The threat is comfortable drift toward not understanding what you're doing,https://ergosphere.blog/posts/the-machines-are-fine/,2026-04-08 12:16:42.563749
Tell HN: Anthropic no longer allowing Claude Code subscriptions to use OpenClaw,,2026-04-08 12:16:42.563749
German implementation of eIDAS will require an Apple/Google account to function,https://bmi.usercontent.opencode.de/eudi-wallet/wallet-development-documentation-public/latest/architecture-concept/06-mobile-devices/02-mdvm/,2026-04-08 12:16:42.563749
"Graph-go – zero config, full visibility",https://github.com/guilherme-grimm/graph-go,2026-04-08 12:16:42.563749
Linux kernel maintainers are following through on removing Intel 486 support,https://arstechnica.com/gadgets/2026/04/linux-kernel-maintainers-are-following-through-on-removing-intel-486-support/,2026-04-08 12:16:42.563749
Record wind and solar saved UK from gas imports worth £1B in March 2026,https://www.carbonbrief.org/analysis-record-wind-and-solar-saved-uk-from-gas-imports-worth-1bn-in-march-2026/,2026-04-08 12:16:42.563749
Aegis – open-source FPGA silicon,https://github.com/MidstallSoftware/aegis,2026-04-08 12:16:42.563749
US labor force participation continues to slide,https://restaurant.org/research-and-media/research/restaurant-economic-insights/analysis-commentary/potential-workers-on-the-sidelines-labor-force-participation-continues-to-slide/,2026-04-08 12:16:42.563749
Artemis II crew take “spectacular” image of Earth,https://www.bbc.com/news/articles/ce8jzr423p9o,2026-04-08 12:16:42.563749
OpenJDK: Panama,https://openjdk.org/projects/panama/,2026-04-08 12:16:42.563749
40 Years Later: Is Milk Still Radioactive?,https://www.birdsoutsidemywindow.org/2026/04/06/40-years-later-is-the-milk-still-radioactive/,2026-04-08 12:16:42.563749
A macOS bug that causes TCP networking to stop working after 49.7 days,https://photon.codes/blog/we-found-a-ticking-time-bomb-in-macos-tcp-networking,2026-04-08 12:16:42.563749
Reducto releases Deep Extract,https://reducto.ai/blog/reducto-deep-extract-agent,2026-04-08 12:16:42.563749
Some iPhone Apps Receive Mysterious Update 'From Apple',https://www.macrumors.com/2026/04/06/iphone-apps-from-apple-update/,2026-04-08 12:16:42.563749
The Hacker News Tarpit,https://www.joanwestenberg.com/the-hacker-news-tarpit/,2026-04-08 12:16:42.563749
